objective_value,execution_time
19.999999999999993,0.34347436
