objective_value,execution_time
399.2000000000001,42.626224353
