objective_value,execution_time
9.979999999999974,0.060499775
