objective_value,execution_time
500.0000000000026,44.90419793128967
