objective_value,execution_time
796.8099999999913,929.309278803
