objective_value,execution_time
9.999999999999998,0.006837504
