objective_value,execution_time
200.00000000000023,17.846436038
