objective_value,execution_time
500.00000000000006,1.667174906
