objective_value,execution_time
9.999999999999991,0.126013185
