objective_value,execution_time
200.00000000000026,16.987242966
