objective_value,execution_time
10.000000000000002,13.171203851699829
